{
  "state_corrections": [
    {"city": "PLANKINTON", "county": "AURORA", "state": "SD"},
    {"city": "SOUTH LAKE TAHOE", "county": "CALIFORNIA", "state": "CA"},
    {"city": "PARMA", "county": "IDAHO", "state": "ID"},
    {"city": "IOWA", "county": "LOUISIANA", "state": "LA"},
    {"city": "BRIGGSDALE", "county": "WELD", "state": "CO"}
  ],
  "county_string_fixes": {
    "HARRISON & BOURBON COUNTIES": "HARRISON,BOURBON",
    "STAMPING GROUND SCOTT COUNTY": "SCOTT",
    "HENRY & UNION COUNTY": "HENRY,UNION",
    "SILVER BOW AND MADISON": "SILVER BOW,MADISON",
    "CANDLER BULLOCH & EVANS COUNTIES": "CANDLER,BULLOCH,EVANS",
    "SAMPSON AND JOHNSTON COUNTIES": "SAMPSON,JOHNSTON",
    "LINCOLN AND BAYFIELD COUNTIES": "LINCOLN,BAYFIELD",
    "ALLEN & MONROE COUNTIES": "ALLEN,MONROE",
    "OWEN & HENRY COUNTIES": "OWEN,HENRY",
    "UPTON/MAGNOLIA HART COUNTY": "UPTON,MAGNOLIA,HART",
    "WARREN & SIMPSON COUNTY": "WARREN,SIMPSON",
    "CASEY & BOYLE COUNTIES": "CASEY,BOYLE",
    "MONTGOMERY & HALIFAX COUNTIES": "MONTOGOMERY,HALIFAX",
    "COUNTIES: RISING SUN DILLISBORO DEARBORN": "RISING SUN,DILLSBORO,DEARBORN",
    "GEORGE AND RANKIN COUNTIES": "GEORGE,RANKIN",
    "MISSAUKEE WEXFORD OSCEOLA & ANTRIM COUNTIES": "MISSAUKEE,WEXFORD,OSCEOLA,ANTRIM",
    "WASHAKIE BIG HORN JOHNSON COUNTY": "WASHAKIE,BIG HORN,JOHNSON",
    "SOMERSET/BALD MOUNTAIN-UNORGANIZED TS": "SOMERSET,BALD MOUNTAIN",
    "MAHLEUR AND HARNEY COUNTIES": "MAHLEUR,HARNEY",
    "FRANKLIN & SOMERSET": "FRANKLIN,SOMERSET"
  },
  "louisiana_typo_map": {
    "ST\\.": "ST. ",
    "ST ": "ST. ",
    "NORTH\\. ": "NORTH ",
    "SOUTH\\. ": "SOUTH ",
    "EAST\\. ": "EAST ",
    "WEST\\. ": "WEST ",
    "BATON ROGUE": "BATON ROUGE",
    "JEFF DAVIS": "JEFFERSON DAVIS",
    "IBERIAL": "IBERIA"
  },
  "new_england_thresholds": {
    "CT": 90, "MA": 95, "ME": 80, "NH": 83, "RI": 99, "VT": 89
  },
  "usa_equivalents": ["USA", "U.S.A", "U.S.A.", "UNITED STATES", "UNITED STATES OF AMERICA"],
  "manual_fips_overrides": [
    {"place": "33 CADDO", "state": "Texas", "county_name": "Stephens County"},
    {"place": "MAMOIA", "state": "Louisiana", "county_name": "Evangeline Parish"},
    {"place": "MANNNING", "state": "North Carolina", "county_name": "Nash County"},
    {"place": "WLIESBURG", "state": "Virginia", "county_name": "Charlotte County"}
  ]
}